ActorID,Emotion,Path,arousal,valence,dominance
15,happiness,/kaggle/input/berlin-database-of-emotional-speech-emodb/wav/15a04Fd.wav,0.7083767,0.6953544,0.42655143
13,happiness,/kaggle/input/berlin-database-of-emotional-speech-emodb/wav/13b02Fb.wav,0.69986546,0.696116,0.66581243
9,anger,/kaggle/input/berlin-database-of-emotional-speech-emodb/wav/09b01Wb.wav,0.86773455,0.84422064,0.17808288
15,anger,/kaggle/input/berlin-database-of-emotional-speech-emodb/wav/15a01Wa.wav,0.9365053,0.89148384,0.09335571
14,anger,/kaggle/input/berlin-database-of-emotional-speech-emodb/wav/14a05Wa.wav,0.86631083,0.8523989,0.11827339
3,anxiety,/kaggle/input/berlin-database-of-emotional-speech-emodb/wav/03a05Aa.wav,0.7859932,0.71463627,0.45558983
11,anger,/kaggle/input/berlin-database-of-emotional-speech-emodb/wav/11a04Wc.wav,0.859161,0.8330817,0.344931
9,sadness,/kaggle/input/berlin-database-of-emotional-speech-emodb/wav/09a05Tb.wav,0.019107092,0.1673467,0.31836185
12,anger,/kaggle/input/berlin-database-of-emotional-speech-emodb/wav/12a01Wc.wav,0.7791809,0.77877796,0.18344672
12,anger,/kaggle/input/berlin-database-of-emotional-speech-emodb/wav/12a04Wc.wav,0.8738519,0.7799139,0.40051246
9,boredom,/kaggle/input/berlin-database-of-emotional-speech-emodb/wav/09a04La.wav,0.34687787,0.4468421,0.5036023
8,neutral,/kaggle/input/berlin-database-of-emotional-speech-emodb/wav/08b02Nb.wav,0.48261052,0.55917466,0.43086055
12,anger,/kaggle/input/berlin-database-of-emotional-speech-emodb/wav/12b10Wa.wav,0.9032151,0.8362477,0.47155762
15,boredom,/kaggle/input/berlin-database-of-emotional-speech-emodb/wav/15a07Ld.wav,0.15418392,0.3007931,0.34424013
10,boredom,/kaggle/input/berlin-database-of-emotional-speech-emodb/wav/10a07La.wav,0.28212652,0.38351503,0.44337216
11,happiness,/kaggle/input/berlin-database-of-emotional-speech-emodb/wav/11a05Fb.wav,0.68521667,0.68538153,0.52638555
3,neutral,/kaggle/input/berlin-database-of-emotional-speech-emodb/wav/03b01Nb.wav,0.25949925,0.39300525,0.27959442
12,disgust,/kaggle/input/berlin-database-of-emotional-speech-emodb/wav/12b02Ea.wav,0.5818965,0.5813989,0.5496789
8,anxiety,/kaggle/input/berlin-database-of-emotional-speech-emodb/wav/08a01Ab.wav,0.6033416,0.6179937,0.29566157
10,anxiety,/kaggle/input/berlin-database-of-emotional-speech-emodb/wav/10a01Ac.wav,0.6856257,0.65554357,0.34634852
12,anger,/kaggle/input/berlin-database-of-emotional-speech-emodb/wav/12a02Wa.wav,0.8822548,0.8173403,0.5841309
14,happiness,/kaggle/input/berlin-database-of-emotional-speech-emodb/wav/14a02Fd.wav,0.7241822,0.69627386,0.50323915
9,anger,/kaggle/input/berlin-database-of-emotional-speech-emodb/wav/09a04Wa.wav,0.8582787,0.8076185,0.40226448
3,anger,/kaggle/input/berlin-database-of-emotional-speech-emodb/wav/03b01Wa.wav,0.7940763,0.802069,0.17918299
15,neutral,/kaggle/input/berlin-database-of-emotional-speech-emodb/wav/15a04Nc.wav,0.25484923,0.3989073,0.33769384
9,boredom,/kaggle/input/berlin-database-of-emotional-speech-emodb/wav/09a05Lc.wav,0.19484869,0.3293975,0.34761646
14,disgust,/kaggle/input/berlin-database-of-emotional-speech-emodb/wav/14a01Ea.wav,0.39724708,0.4552363,0.10823456
9,boredom,/kaggle/input/berlin-database-of-emotional-speech-emodb/wav/09a02La.wav,0.26701638,0.39232293,0.6151486
15,neutral,/kaggle/input/berlin-database-of-emotional-speech-emodb/wav/15b03Nb.wav,0.37851277,0.4758294,0.54883516
14,anger,/kaggle/input/berlin-database-of-emotional-speech-emodb/wav/14b02Wb.wav,0.8641606,0.82988197,0.55764896
12,anxiety,/kaggle/input/berlin-database-of-emotional-speech-emodb/wav/12a07Ac.wav,0.6324731,0.59671783,0.48048168
11,anger,/kaggle/input/berlin-database-of-emotional-speech-emodb/wav/11b01Wd.wav,0.75731754,0.75925416,0.34973928
8,anger,/kaggle/input/berlin-database-of-emotional-speech-emodb/wav/08a07Wc.wav,0.92886513,0.87534654,0.0021941494
8,boredom,/kaggle/input/berlin-database-of-emotional-speech-emodb/wav/08a02La.wav,0.41169605,0.4716596,0.50222856
8,happiness,/kaggle/input/berlin-database-of-emotional-speech-emodb/wav/08b03Fe.wav,0.6386276,0.66080415,0.5925639
13,sadness,/kaggle/input/berlin-database-of-emotional-speech-emodb/wav/13b03Td.wav,-0.00065131113,0.15048343,0.383696
16,anger,/kaggle/input/berlin-database-of-emotional-speech-emodb/wav/16b03Wb.wav,0.9112794,0.84975135,0.5172481
9,happiness,/kaggle/input/berlin-database-of-emotional-speech-emodb/wav/09b03Fd.wav,0.79714656,0.7260792,0.57896537
9,happiness,/kaggle/input/berlin-database-of-emotional-speech-emodb/wav/09a04Fd.wav,0.8511601,0.79826784,0.24387161
11,anger,/kaggle/input/berlin-database-of-emotional-speech-emodb/wav/11b02Wb.wav,0.7614883,0.73819613,0.408041
12,boredom,/kaggle/input/berlin-database-of-emotional-speech-emodb/wav/12b10Ld.wav,0.29322624,0.38759524,0.5703441
10,sadness,/kaggle/input/berlin-database-of-emotional-speech-emodb/wav/10a07Ta.wav,0.01390362,0.14415863,0.33859423
10,disgust,/kaggle/input/berlin-database-of-emotional-speech-emodb/wav/10b01Ea.wav,0.7241891,0.7459308,0.32729816
15,anger,/kaggle/input/berlin-database-of-emotional-speech-emodb/wav/15b01Wc.wav,0.76117593,0.7743509,0.4578572
16,anger,/kaggle/input/berlin-database-of-emotional-speech-emodb/wav/16a01Wb.wav,0.9216113,0.8858917,0.10237053
15,disgust,/kaggle/input/berlin-database-of-emotional-speech-emodb/wav/15a07Eb.wav,0.3118514,0.3937124,0.45457572
10,anger,/kaggle/input/berlin-database-of-emotional-speech-emodb/wav/10a04Wa.wav,0.7230963,0.71663207,0.5177867
11,anxiety,/kaggle/input/berlin-database-of-emotional-speech-emodb/wav/11a07Ac.wav,0.59115374,0.5697259,0.48156595
16,sadness,/kaggle/input/berlin-database-of-emotional-speech-emodb/wav/16a04Tc.wav,-0.022354083,0.10465546,0.32908937
13,happiness,/kaggle/input/berlin-database-of-emotional-speech-emodb/wav/13a04Fc.wav,0.8083736,0.76473683,0.24994847
16,anger,/kaggle/input/berlin-database-of-emotional-speech-emodb/wav/16a04Wb.wav,0.85549265,0.79837906,0.30780265
15,anxiety,/kaggle/input/berlin-database-of-emotional-speech-emodb/wav/15b10Ac.wav,0.7811852,0.7127142,0.67374825
16,happiness,/kaggle/input/berlin-database-of-emotional-speech-emodb/wav/16b02Fd.wav,0.8232642,0.7497421,0.6523884
16,anxiety,/kaggle/input/berlin-database-of-emotional-speech-emodb/wav/16b03Ad.wav,0.6912695,0.6483357,0.49005967
16,happiness,/kaggle/input/berlin-database-of-emotional-speech-emodb/wav/16b10Fb.wav,0.88309216,0.80153453,0.7076617
13,anxiety,/kaggle/input/berlin-database-of-emotional-speech-emodb/wav/13a05Aa.wav,0.45405677,0.50906795,0.28909525
11,happiness,/kaggle/input/berlin-database-of-emotional-speech-emodb/wav/11a05Fc.wav,0.7842097,0.7376651,0.646739
12,neutral,/kaggle/input/berlin-database-of-emotional-speech-emodb/wav/12a02Nb.wav,0.48811236,0.532665,0.50962126
3,anger,/kaggle/input/berlin-database-of-emotional-speech-emodb/wav/03b10Wb.wav,0.8500775,0.80063576,0.5455268
3,sadness,/kaggle/input/berlin-database-of-emotional-speech-emodb/wav/03b03Tc.wav,0.010127224,0.17705971,0.40956315
11,disgust,/kaggle/input/berlin-database-of-emotional-speech-emodb/wav/11b01Eb.wav,0.39279407,0.4531992,0.2898026
13,anger,/kaggle/input/berlin-database-of-emotional-speech-emodb/wav/13a01Wb.wav,0.74531895,0.7282071,0.16673373
15,happiness,/kaggle/input/berlin-database-of-emotional-speech-emodb/wav/15a01Fb.wav,0.71708995,0.7189443,0.2830286
3,sadness,/kaggle/input/berlin-database-of-emotional-speech-emodb/wav/03a04Ta.wav,-0.020218335,0.14975205,0.2921778
15,anxiety,/kaggle/input/berlin-database-of-emotional-speech-emodb/wav/15a02Ac.wav,0.70193785,0.65997785,0.5849958
15,disgust,/kaggle/input/berlin-database-of-emotional-speech-emodb/wav/15a01Ea.wav,0.5393337,0.5559648,0.2831121
14,happiness,/kaggle/input/berlin-database-of-emotional-speech-emodb/wav/14a05Fb.wav,0.8161109,0.7838099,0.42817664
15,neutral,/kaggle/input/berlin-database-of-emotional-speech-emodb/wav/15b10Nb.wav,0.25727808,0.37467578,0.5362718
9,anxiety,/kaggle/input/berlin-database-of-emotional-speech-emodb/wav/09b10Aa.wav,0.63747334,0.60406816,0.7186379
16,sadness,/kaggle/input/berlin-database-of-emotional-speech-emodb/wav/16a01Tb.wav,0.094526574,0.21463907,0.14405401
11,anxiety,/kaggle/input/berlin-database-of-emotional-speech-emodb/wav/11a05Ad.wav,0.6281967,0.61596537,0.5674296
8,happiness,/kaggle/input/berlin-database-of-emotional-speech-emodb/wav/08b09Fd.wav,0.72414607,0.6988029,0.4011662
8,boredom,/kaggle/input/berlin-database-of-emotional-speech-emodb/wav/08a07La.wav,0.20277718,0.32066846,0.4178058
15,anxiety,/kaggle/input/berlin-database-of-emotional-speech-emodb/wav/15a04Ac.wav,0.6601972,0.6583588,0.3227404
16,disgust,/kaggle/input/berlin-database-of-emotional-speech-emodb/wav/16b02Eb.wav,0.5300517,0.5627142,0.33370864
12,anger,/kaggle/input/berlin-database-of-emotional-speech-emodb/wav/12a07Wa.wav,0.64198905,0.66149986,0.42739558
8,anger,/kaggle/input/berlin-database-of-emotional-speech-emodb/wav/08a02Wc.wav,0.9836005,0.9250996,0.26290858
9,disgust,/kaggle/input/berlin-database-of-emotional-speech-emodb/wav/09b09Ea.wav,0.46334538,0.440507,0.32225376
13,neutral,/kaggle/input/berlin-database-of-emotional-speech-emodb/wav/13b01Nc.wav,0.30520752,0.42383397,0.43203363
14,anxiety,/kaggle/input/berlin-database-of-emotional-speech-emodb/wav/14a02Ab.wav,0.6491575,0.6329714,0.6836047
14,anxiety,/kaggle/input/berlin-database-of-emotional-speech-emodb/wav/14b09Ac.wav,0.63921046,0.5972413,0.4347554
14,sadness,/kaggle/input/berlin-database-of-emotional-speech-emodb/wav/14b02Tc.wav,-0.021693354,0.1361288,0.16209382
13,anger,/kaggle/input/berlin-database-of-emotional-speech-emodb/wav/13b03Wc.wav,0.9772493,0.90529823,0.27841052
11,neutral,/kaggle/input/berlin-database-of-emotional-speech-emodb/wav/11b01Nc.wav,0.284954,0.4109569,0.26040894
14,disgust,/kaggle/input/berlin-database-of-emotional-speech-emodb/wav/14b03Ed.wav,0.5484205,0.5516319,0.4675583
16,boredom,/kaggle/input/berlin-database-of-emotional-speech-emodb/wav/16a07Lb.wav,0.23237121,0.36169192,0.4670723
14,neutral,/kaggle/input/berlin-database-of-emotional-speech-emodb/wav/14a01Na.wav,0.32206216,0.4041704,0.21063122
9,neutral,/kaggle/input/berlin-database-of-emotional-speech-emodb/wav/09a07Na.wav,0.30106857,0.41226822,0.49939
8,boredom,/kaggle/input/berlin-database-of-emotional-speech-emodb/wav/08a04La.wav,0.426379,0.47613046,0.5010642
14,anger,/kaggle/input/berlin-database-of-emotional-speech-emodb/wav/14a02Wc.wav,0.8821249,0.8451752,0.574383
11,happiness,/kaggle/input/berlin-database-of-emotional-speech-emodb/wav/11b01Fc.wav,0.73080087,0.733467,0.43381697
13,anxiety,/kaggle/input/berlin-database-of-emotional-speech-emodb/wav/13a04Ac.wav,0.66248804,0.6532942,0.45254916
11,anxiety,/kaggle/input/berlin-database-of-emotional-speech-emodb/wav/11b10Ae.wav,0.34083796,0.3995804,0.4379394
16,neutral,/kaggle/input/berlin-database-of-emotional-speech-emodb/wav/16a02Nb.wav,0.43688652,0.49970606,0.5390068
11,anger,/kaggle/input/berlin-database-of-emotional-speech-emodb/wav/11a05Wd.wav,0.6807972,0.7019689,0.47404307
3,neutral,/kaggle/input/berlin-database-of-emotional-speech-emodb/wav/03b09Nc.wav,0.36208,0.4413095,0.2602837
11,anger,/kaggle/input/berlin-database-of-emotional-speech-emodb/wav/11b09Wa.wav,0.73284477,0.7603019,0.5766296
14,happiness,/kaggle/input/berlin-database-of-emotional-speech-emodb/wav/14b09Fc.wav,0.80297714,0.7472945,0.58077425
8,happiness,/kaggle/input/berlin-database-of-emotional-speech-emodb/wav/08b01Fd.wav,0.60660785,0.6431469,0.42977396
15,anger,/kaggle/input/berlin-database-of-emotional-speech-emodb/wav/15b03Wb.wav,0.89814126,0.85878074,0.4922793
16,anxiety,/kaggle/input/berlin-database-of-emotional-speech-emodb/wav/16b02Aa.wav,0.76916564,0.7044555,0.5435704
3,neutral,/kaggle/input/berlin-database-of-emotional-speech-emodb/wav/03b02Na.wav,0.40804842,0.48776412,0.43944353
10,anger,/kaggle/input/berlin-database-of-emotional-speech-emodb/wav/10b03Wb.wav,0.8652176,0.82469743,0.45464432
14,boredom,/kaggle/input/berlin-database-of-emotional-speech-emodb/wav/14b09Lb.wav,0.3601093,0.43036228,0.3908887
10,happiness,/kaggle/input/berlin-database-of-emotional-speech-emodb/wav/10a04Fd.wav,0.72800636,0.67098325,0.28023058
15,neutral,/kaggle/input/berlin-database-of-emotional-speech-emodb/wav/15a02Na.wav,0.31196648,0.41898233,0.6147584
16,disgust,/kaggle/input/berlin-database-of-emotional-speech-emodb/wav/16a01Ec.wav,0.5606981,0.56390923,0.21858777
3,anger,/kaggle/input/berlin-database-of-emotional-speech-emodb/wav/03a07Wc.wav,0.8328412,0.79269576,0.46364498
14,boredom,/kaggle/input/berlin-database-of-emotional-speech-emodb/wav/14a04Lb.wav,0.34068954,0.4217532,0.3593697
10,anger,/kaggle/input/berlin-database-of-emotional-speech-emodb/wav/10a05Wb.wav,0.8754506,0.835562,0.2585086
13,disgust,/kaggle/input/berlin-database-of-emotional-speech-emodb/wav/13a05Ea.wav,0.4221233,0.44572374,0.34673905
3,anger,/kaggle/input/berlin-database-of-emotional-speech-emodb/wav/03b01Wc.wav,0.75954014,0.77960736,0.27126324
16,happiness,/kaggle/input/berlin-database-of-emotional-speech-emodb/wav/16a01Fc.wav,0.67830855,0.6391443,0.280411
14,anxiety,/kaggle/input/berlin-database-of-emotional-speech-emodb/wav/14a01Ac.wav,0.6953419,0.67233676,0.2577806
8,anger,/kaggle/input/berlin-database-of-emotional-speech-emodb/wav/08b09Wa.wav,0.79676324,0.7653194,0.27227506
16,boredom,/kaggle/input/berlin-database-of-emotional-speech-emodb/wav/16a04Lc.wav,0.21688424,0.34593666,0.35894936
12,boredom,/kaggle/input/berlin-database-of-emotional-speech-emodb/wav/12a07La.wav,0.34349248,0.41605788,0.44985548
11,anxiety,/kaggle/input/berlin-database-of-emotional-speech-emodb/wav/11a01Ab.wav,0.47524738,0.5205428,0.2730964
8,happiness,/kaggle/input/berlin-database-of-emotional-speech-emodb/wav/08b01Fe.wav,0.70418894,0.70996314,0.31746066
9,disgust,/kaggle/input/berlin-database-of-emotional-speech-emodb/wav/09a05Ed.wav,0.5701167,0.5805185,0.3376862
14,neutral,/kaggle/input/berlin-database-of-emotional-speech-emodb/wav/14a02Nc.wav,0.40751642,0.4828666,0.601719
11,boredom,/kaggle/input/berlin-database-of-emotional-speech-emodb/wav/11a02Ld.wav,0.27921695,0.37915537,0.65661
13,anger,/kaggle/input/berlin-database-of-emotional-speech-emodb/wav/13b10Wc.wav,0.9313563,0.8141526,0.54635847
15,boredom,/kaggle/input/berlin-database-of-emotional-speech-emodb/wav/15b02Lb.wav,0.08968177,0.25726706,0.44247437
13,anxiety,/kaggle/input/berlin-database-of-emotional-speech-emodb/wav/13b01Ab.wav,0.5393972,0.5365478,0.29161188
13,boredom,/kaggle/input/berlin-database-of-emotional-speech-emodb/wav/13a07Lb.wav,0.18565996,0.3152601,0.3881676
11,anger,/kaggle/input/berlin-database-of-emotional-speech-emodb/wav/11a02Wc.wav,0.9123904,0.87161577,0.420992
3,anger,/kaggle/input/berlin-database-of-emotional-speech-emodb/wav/03a01Wa.wav,0.86765313,0.84320647,0.118899554
12,anger,/kaggle/input/berlin-database-of-emotional-speech-emodb/wav/12a02Wc.wav,0.8506323,0.7963196,0.58076644
9,anger,/kaggle/input/berlin-database-of-emotional-speech-emodb/wav/09b10Wa.wav,0.86620104,0.7979038,0.63087076
3,sadness,/kaggle/input/berlin-database-of-emotional-speech-emodb/wav/03b01Td.wav,0.048498854,0.24730906,0.0708321
8,anger,/kaggle/input/berlin-database-of-emotional-speech-emodb/wav/08b10Wa.wav,0.7998687,0.7707195,0.43368673
11,sadness,/kaggle/input/berlin-database-of-emotional-speech-emodb/wav/11b02Td.wav,0.090143606,0.24002086,0.41629958
11,anxiety,/kaggle/input/berlin-database-of-emotional-speech-emodb/wav/11a04Ac.wav,0.57451886,0.5730282,0.38170412
15,boredom,/kaggle/input/berlin-database-of-emotional-speech-emodb/wav/15a05Lb.wav,0.14958869,0.29073143,0.38556117
15,sadness,/kaggle/input/berlin-database-of-emotional-speech-emodb/wav/15b03Tc.wav,-0.004613746,0.16954821,0.38983023
11,sadness,/kaggle/input/berlin-database-of-emotional-speech-emodb/wav/11b03Td.wav,0.065402046,0.20886908,0.44872612
9,anger,/kaggle/input/berlin-database-of-emotional-speech-emodb/wav/09b02Wc.wav,0.78026104,0.7597997,0.41273576
15,disgust,/kaggle/input/berlin-database-of-emotional-speech-emodb/wav/15a05Eb.wav,0.5325164,0.54462546,0.3296976
8,anger,/kaggle/input/berlin-database-of-emotional-speech-emodb/wav/08a01Wa.wav,0.8273095,0.8279546,0.18408084
12,anger,/kaggle/input/berlin-database-of-emotional-speech-emodb/wav/12b02Wa.wav,0.88958085,0.8483317,0.38007295
16,anger,/kaggle/input/berlin-database-of-emotional-speech-emodb/wav/16b01Wb.wav,0.8619441,0.83719814,0.2142878
3,happiness,/kaggle/input/berlin-database-of-emotional-speech-emodb/wav/03a07Fb.wav,0.6621777,0.63864774,0.46604076
10,boredom,/kaggle/input/berlin-database-of-emotional-speech-emodb/wav/10a02Lb.wav,0.29853302,0.3819626,0.58377284
14,anxiety,/kaggle/input/berlin-database-of-emotional-speech-emodb/wav/14a07Aa.wav,0.4760851,0.48532024,0.36471647
16,disgust,/kaggle/input/berlin-database-of-emotional-speech-emodb/wav/16a02Ea.wav,0.57798666,0.56696963,0.46585983
11,anger,/kaggle/input/berlin-database-of-emotional-speech-emodb/wav/11a07Wc.wav,0.8253637,0.79296106,0.5201122
13,boredom,/kaggle/input/berlin-database-of-emotional-speech-emodb/wav/13b09La.wav,0.25978258,0.36983216,0.33803684
16,boredom,/kaggle/input/berlin-database-of-emotional-speech-emodb/wav/16a07La.wav,0.21562704,0.31994402,0.38301533
13,disgust,/kaggle/input/berlin-database-of-emotional-speech-emodb/wav/13b03Ed.wav,0.365858,0.4241383,0.47203225
10,boredom,/kaggle/input/berlin-database-of-emotional-speech-emodb/wav/10b09Lb.wav,0.2661699,0.3416168,0.19849694
9,neutral,/kaggle/input/berlin-database-of-emotional-speech-emodb/wav/09a05Nb.wav,0.36603582,0.47037703,0.44215494
8,anger,/kaggle/input/berlin-database-of-emotional-speech-emodb/wav/08a01Wc.wav,0.9506305,0.89041156,0.14997207
8,sadness,/kaggle/input/berlin-database-of-emotional-speech-emodb/wav/08a07Tb.wav,-0.006092038,0.15966712,0.26037252
12,neutral,/kaggle/input/berlin-database-of-emotional-speech-emodb/wav/12a01Nb.wav,0.39501703,0.4735162,0.24674964
13,anger,/kaggle/input/berlin-database-of-emotional-speech-emodb/wav/13a05Wc.wav,0.9549538,0.8830614,0.31212914
13,sadness,/kaggle/input/berlin-database-of-emotional-speech-emodb/wav/13a07Tc.wav,0.043359034,0.18470995,0.32714957
9,anger,/kaggle/input/berlin-database-of-emotional-speech-emodb/wav/09a01Wb.wav,0.8346192,0.81211734,0.22837567
13,anger,/kaggle/input/berlin-database-of-emotional-speech-emodb/wav/13b09Wa.wav,0.9294104,0.81800574,0.22798516
16,neutral,/kaggle/input/berlin-database-of-emotional-speech-emodb/wav/16a07Nb.wav,0.28505725,0.3935641,0.4004538
13,neutral,/kaggle/input/berlin-database-of-emotional-speech-emodb/wav/13b03Na.wav,0.3590094,0.4464689,0.60736287
12,anxiety,/kaggle/input/berlin-database-of-emotional-speech-emodb/wav/12b09Ac.wav,0.5627915,0.55716115,0.37265837
11,boredom,/kaggle/input/berlin-database-of-emotional-speech-emodb/wav/11b03Lc.wav,0.2456626,0.39313343,0.6291365
16,boredom,/kaggle/input/berlin-database-of-emotional-speech-emodb/wav/16a01Lb.wav,0.3652434,0.4488359,0.2718952
14,disgust,/kaggle/input/berlin-database-of-emotional-speech-emodb/wav/14b01Eb.wav,0.43428165,0.48571128,0.29927838
3,neutral,/kaggle/input/berlin-database-of-emotional-speech-emodb/wav/03a01Nc.wav,0.42131323,0.5036719,0.23971997
15,anger,/kaggle/input/berlin-database-of-emotional-speech-emodb/wav/15a05Wa.wav,0.89589584,0.849299,0.52971315
15,neutral,/kaggle/input/berlin-database-of-emotional-speech-emodb/wav/15b10Nc.wav,0.24635516,0.35304022,0.4602748
15,anxiety,/kaggle/input/berlin-database-of-emotional-speech-emodb/wav/15b03Aa.wav,0.54311734,0.5801654,0.62610763
16,anger,/kaggle/input/berlin-database-of-emotional-speech-emodb/wav/16a02Wb.wav,0.90318704,0.815276,0.55000216
12,boredom,/kaggle/input/berlin-database-of-emotional-speech-emodb/wav/12a01Lb.wav,0.36260054,0.46217224,0.33938235
13,boredom,/kaggle/input/berlin-database-of-emotional-speech-emodb/wav/13a01Lb.wav,0.28312388,0.3842057,0.25022528
16,anxiety,/kaggle/input/berlin-database-of-emotional-speech-emodb/wav/16a05Ab.wav,0.65320045,0.6252116,0.3463797
8,boredom,/kaggle/input/berlin-database-of-emotional-speech-emodb/wav/08b02La.wav,0.3579061,0.45694706,0.5328431
10,anger,/kaggle/input/berlin-database-of-emotional-speech-emodb/wav/10b02Wb.wav,0.872284,0.8109539,0.5354364
3,happiness,/kaggle/input/berlin-database-of-emotional-speech-emodb/wav/03a04Fd.wav,0.72233504,0.6875336,0.5729549
13,anger,/kaggle/input/berlin-database-of-emotional-speech-emodb/wav/13a05Wa.wav,0.75865245,0.74490345,0.26043522
13,anxiety,/kaggle/input/berlin-database-of-emotional-speech-emodb/wav/13a01Ac.wav,0.67174095,0.66534436,0.15296999
16,anxiety,/kaggle/input/berlin-database-of-emotional-speech-emodb/wav/16b01Aa.wav,0.66612047,0.64151573,0.32794583
14,anger,/kaggle/input/berlin-database-of-emotional-speech-emodb/wav/14b03Wb.wav,0.85893416,0.8263952,0.48852667
11,neutral,/kaggle/input/berlin-database-of-emotional-speech-emodb/wav/11b03Nb.wav,0.3841707,0.46877322,0.56238544
3,anger,/kaggle/input/berlin-database-of-emotional-speech-emodb/wav/03a05Wa.wav,0.8139913,0.79048425,0.5743009
14,anger,/kaggle/input/berlin-database-of-emotional-speech-emodb/wav/14a02Wa.wav,0.80695856,0.76716936,0.46487355
16,boredom,/kaggle/input/berlin-database-of-emotional-speech-emodb/wav/16b02Lb.wav,0.39467674,0.47483155,0.461611
13,boredom,/kaggle/input/berlin-database-of-emotional-speech-emodb/wav/13b02Lc.wav,0.24851882,0.3763835,0.41863626
14,happiness,/kaggle/input/berlin-database-of-emotional-speech-emodb/wav/14b01Fa.wav,0.6155777,0.62328386,0.43041578
15,boredom,/kaggle/input/berlin-database-of-emotional-speech-emodb/wav/15b01Lb.wav,0.13739718,0.317788,0.24498847
16,happiness,/kaggle/input/berlin-database-of-emotional-speech-emodb/wav/16b03Fd.wav,0.7983383,0.7791961,0.7548497
3,anxiety,/kaggle/input/berlin-database-of-emotional-speech-emodb/wav/03b02Aa.wav,0.7482172,0.71923894,0.4225063
3,anger,/kaggle/input/berlin-database-of-emotional-speech-emodb/wav/03a02Wc.wav,0.93009454,0.8300799,0.5939831
3,boredom,/kaggle/input/berlin-database-of-emotional-speech-emodb/wav/03a07La.wav,0.11539724,0.28567594,0.5208001
3,neutral,/kaggle/input/berlin-database-of-emotional-speech-emodb/wav/03a04Nc.wav,0.421903,0.48380792,0.42473727
3,happiness,/kaggle/input/berlin-database-of-emotional-speech-emodb/wav/03a01Fa.wav,0.617113,0.6421145,0.28211108
14,anger,/kaggle/input/berlin-database-of-emotional-speech-emodb/wav/14a05Wb.wav,0.9133282,0.87612486,0.11786377
9,anger,/kaggle/input/berlin-database-of-emotional-speech-emodb/wav/09b02Wd.wav,0.8274884,0.7974658,0.7690493
8,neutral,/kaggle/input/berlin-database-of-emotional-speech-emodb/wav/08b01Na.wav,0.46281636,0.5326951,0.28869426
14,anger,/kaggle/input/berlin-database-of-emotional-speech-emodb/wav/14b09Wc.wav,0.94839823,0.8474942,0.25636122
8,happiness,/kaggle/input/berlin-database-of-emotional-speech-emodb/wav/08a01Fd.wav,0.52506226,0.5605819,0.29490557
13,happiness,/kaggle/input/berlin-database-of-emotional-speech-emodb/wav/13a02Fa.wav,0.7796823,0.7405268,0.6677265
10,boredom,/kaggle/input/berlin-database-of-emotional-speech-emodb/wav/10b02La.wav,0.3326065,0.42516324,0.3752575
13,disgust,/kaggle/input/berlin-database-of-emotional-speech-emodb/wav/13a01Ea.wav,0.52892673,0.5543268,0.17477511
13,happiness,/kaggle/input/berlin-database-of-emotional-speech-emodb/wav/13a01Fd.wav,0.7849355,0.7524373,0.27754644
15,happiness,/kaggle/input/berlin-database-of-emotional-speech-emodb/wav/15b09Fa.wav,0.6531057,0.66331446,0.33663717
11,neutral,/kaggle/input/berlin-database-of-emotional-speech-emodb/wav/11b10Nc.wav,0.32058293,0.41690186,0.5916137
11,sadness,/kaggle/input/berlin-database-of-emotional-speech-emodb/wav/11b09Td.wav,0.059310116,0.19855566,0.22356376
16,disgust,/kaggle/input/berlin-database-of-emotional-speech-emodb/wav/16a04Ea.wav,0.4124037,0.46347547,0.23571852
9,anger,/kaggle/input/berlin-database-of-emotional-speech-emodb/wav/09a02Wb.wav,0.87605417,0.7982178,0.5636648
14,boredom,/kaggle/input/berlin-database-of-emotional-speech-emodb/wav/14b10Lb.wav,0.40931737,0.48211133,0.54665256
8,anger,/kaggle/input/berlin-database-of-emotional-speech-emodb/wav/08a05Wa.wav,0.8436665,0.80028325,0.496144
14,neutral,/kaggle/input/berlin-database-of-emotional-speech-emodb/wav/14a07Na.wav,0.24946776,0.37747502,0.2602666
9,sadness,/kaggle/input/berlin-database-of-emotional-speech-emodb/wav/09b02Tb.wav,0.16670014,0.29144746,0.4335024
16,anger,/kaggle/input/berlin-database-of-emotional-speech-emodb/wav/16a04Wc.wav,1.0173353,0.966684,0.18794766
16,boredom,/kaggle/input/berlin-database-of-emotional-speech-emodb/wav/16b01La.wav,0.14326482,0.29905868,0.17900404
15,anxiety,/kaggle/input/berlin-database-of-emotional-speech-emodb/wav/15a04Ab.wav,0.62675005,0.6021721,0.39350456
14,sadness,/kaggle/input/berlin-database-of-emotional-speech-emodb/wav/14b10Tc.wav,0.028615586,0.17834683,0.34590203
8,anxiety,/kaggle/input/berlin-database-of-emotional-speech-emodb/wav/08b01Aa.wav,0.68541044,0.67064846,0.5187246
16,anger,/kaggle/input/berlin-database-of-emotional-speech-emodb/wav/16a05Wc.wav,0.9038889,0.8493796,0.39515463
3,sadness,/kaggle/input/berlin-database-of-emotional-speech-emodb/wav/03a05Tc.wav,0.13830635,0.2660621,0.43315476
3,neutral,/kaggle/input/berlin-database-of-emotional-speech-emodb/wav/03b10Nc.wav,0.51542705,0.5571725,0.57454586
12,anxiety,/kaggle/input/berlin-database-of-emotional-speech-emodb/wav/12b10Ac.wav,0.6971431,0.67107207,0.5944332
15,boredom,/kaggle/input/berlin-database-of-emotional-speech-emodb/wav/15a02La.wav,0.23965475,0.37628797,0.58666205
3,anxiety,/kaggle/input/berlin-database-of-emotional-speech-emodb/wav/03b10Ab.wav,0.8377067,0.75354236,0.5007517
15,neutral,/kaggle/input/berlin-database-of-emotional-speech-emodb/wav/15a07Nc.wav,0.18616584,0.31830943,0.43089443
16,disgust,/kaggle/input/berlin-database-of-emotional-speech-emodb/wav/16b03Ea.wav,0.45041376,0.5013111,0.36772573
14,disgust,/kaggle/input/berlin-database-of-emotional-speech-emodb/wav/14a07Eb.wav,0.3394927,0.39754558,0.2589495
14,happiness,/kaggle/input/berlin-database-of-emotional-speech-emodb/wav/14a05Fa.wav,0.794773,0.7473437,0.3514733
10,happiness,/kaggle/input/berlin-database-of-emotional-speech-emodb/wav/10b01Fa.wav,0.6583768,0.66225976,0.56545997
8,sadness,/kaggle/input/berlin-database-of-emotional-speech-emodb/wav/08a02Tb.wav,0.079895765,0.22209422,0.32368314
11,anxiety,/kaggle/input/berlin-database-of-emotional-speech-emodb/wav/11b02Ab.wav,0.664132,0.6635642,0.6760858
11,anxiety,/kaggle/input/berlin-database-of-emotional-speech-emodb/wav/11a01Aa.wav,0.47338584,0.5205357,0.17185579
9,disgust,/kaggle/input/berlin-database-of-emotional-speech-emodb/wav/09a07Eb.wav,0.45125479,0.47675604,0.23610348
8,sadness,/kaggle/input/berlin-database-of-emotional-speech-emodb/wav/08b10Tc.wav,0.024636678,0.16657786,0.35164252
8,happiness,/kaggle/input/berlin-database-of-emotional-speech-emodb/wav/08b10Fd.wav,0.7186548,0.71615624,0.6312267
16,neutral,/kaggle/input/berlin-database-of-emotional-speech-emodb/wav/16a04Nc.wav,0.36333424,0.44025147,0.44046873
12,boredom,/kaggle/input/berlin-database-of-emotional-speech-emodb/wav/12b03La.wav,0.43350932,0.5003185,0.46186984
15,anger,/kaggle/input/berlin-database-of-emotional-speech-emodb/wav/15b02Wc.wav,0.8601004,0.8346289,0.6889018
10,anxiety,/kaggle/input/berlin-database-of-emotional-speech-emodb/wav/10b02Aa.wav,0.7249642,0.6871231,0.50636756
11,neutral,/kaggle/input/berlin-database-of-emotional-speech-emodb/wav/11a02Nc.wav,0.3946205,0.4708858,0.58886653
15,anger,/kaggle/input/berlin-database-of-emotional-speech-emodb/wav/15b10Wa.wav,0.87101775,0.8116506,0.5844056
10,happiness,/kaggle/input/berlin-database-of-emotional-speech-emodb/wav/10a02Fa.wav,0.77813447,0.713905,0.39542747
9,anger,/kaggle/input/berlin-database-of-emotional-speech-emodb/wav/09a05Wb.wav,0.82768565,0.79574096,0.5286144
9,neutral,/kaggle/input/berlin-database-of-emotional-speech-emodb/wav/09a04Nb.wav,0.35804412,0.44674653,0.41206443
11,boredom,/kaggle/input/berlin-database-of-emotional-speech-emodb/wav/11a07Ld.wav,0.2515933,0.3234746,0.42446768
8,anger,/kaggle/input/berlin-database-of-emotional-speech-emodb/wav/08b02Wd.wav,0.87953454,0.84202355,0.38073492
10,anger,/kaggle/input/berlin-database-of-emotional-speech-emodb/wav/10a01Wa.wav,0.88401407,0.85430324,0.19505817
11,anxiety,/kaggle/input/berlin-database-of-emotional-speech-emodb/wav/11b01Ab.wav,0.6149999,0.64025927,0.31181562
16,disgust,/kaggle/input/berlin-database-of-emotional-speech-emodb/wav/16b09Eb.wav,0.43262252,0.4616539,0.20325005
13,sadness,/kaggle/input/berlin-database-of-emotional-speech-emodb/wav/13a04Ta.wav,0.07006141,0.23517823,0.05206134
10,boredom,/kaggle/input/berlin-database-of-emotional-speech-emodb/wav/10a05Ld.wav,0.37419468,0.4591147,0.50476
12,anger,/kaggle/input/berlin-database-of-emotional-speech-emodb/wav/12a05Wb.wav,0.85448766,0.8150536,0.5278908
9,disgust,/kaggle/input/berlin-database-of-emotional-speech-emodb/wav/09a02Eb.wav,0.67393994,0.60950357,0.50385964
14,sadness,/kaggle/input/berlin-database-of-emotional-speech-emodb/wav/14b03Ta.wav,0.06431614,0.21089342,0.2844349
9,neutral,/kaggle/input/berlin-database-of-emotional-speech-emodb/wav/09b01Na.wav,0.3736904,0.4758845,0.28297913
11,sadness,/kaggle/input/berlin-database-of-emotional-speech-emodb/wav/11a07Ta.wav,-0.037541926,0.12811653,0.3800499
15,boredom,/kaggle/input/berlin-database-of-emotional-speech-emodb/wav/15b03Lc.wav,0.21885423,0.37196618,0.4730348
16,anger,/kaggle/input/berlin-database-of-emotional-speech-emodb/wav/16b09Wb.wav,0.9475848,0.85379964,0.28696236
14,disgust,/kaggle/input/berlin-database-of-emotional-speech-emodb/wav/14b10Eb.wav,0.42068282,0.43236223,0.37167007
11,neutral,/kaggle/input/berlin-database-of-emotional-speech-emodb/wav/11b09Na.wav,0.35524344,0.45092976,0.33058453
16,boredom,/kaggle/input/berlin-database-of-emotional-speech-emodb/wav/16b03La.wav,0.38033515,0.47559315,0.43387404
12,anxiety,/kaggle/input/berlin-database-of-emotional-speech-emodb/wav/12a02Ac.wav,0.7765255,0.7171178,0.5951403
13,sadness,/kaggle/input/berlin-database-of-emotional-speech-emodb/wav/13a02Ta.wav,0.17886753,0.30068928,0.5075649
8,anger,/kaggle/input/berlin-database-of-emotional-speech-emodb/wav/08b03Wd.wav,0.79840606,0.78250104,0.4074697
13,anxiety,/kaggle/input/berlin-database-of-emotional-speech-emodb/wav/13b03Ac.wav,0.51247823,0.5037333,0.47499996
13,happiness,/kaggle/input/berlin-database-of-emotional-speech-emodb/wav/13b10Fa.wav,0.70991606,0.67264396,0.734662
11,anger,/kaggle/input/berlin-database-of-emotional-speech-emodb/wav/11a01Wc.wav,0.8573361,0.8151387,0.13829118
16,sadness,/kaggle/input/berlin-database-of-emotional-speech-emodb/wav/16b01Tb.wav,-0.16334899,0.029516596,0.19196364
3,anger,/kaggle/input/berlin-database-of-emotional-speech-emodb/wav/03a05Wb.wav,0.8952726,0.84387255,0.4731889
13,disgust,/kaggle/input/berlin-database-of-emotional-speech-emodb/wav/13b09Ec.wav,0.5033716,0.54081464,0.2503759
3,anger,/kaggle/input/berlin-database-of-emotional-speech-emodb/wav/03b09Wa.wav,0.7111105,0.711757,0.30257094
16,sadness,/kaggle/input/berlin-database-of-emotional-speech-emodb/wav/16b10Td.wav,-0.032690644,0.12489146,0.4020181
9,neutral,/kaggle/input/berlin-database-of-emotional-speech-emodb/wav/09b09Nd.wav,0.24598496,0.35620964,0.44083184
8,happiness,/kaggle/input/berlin-database-of-emotional-speech-emodb/wav/08b02Ff.wav,0.7767062,0.73027253,0.34822565
10,neutral,/kaggle/input/berlin-database-of-emotional-speech-emodb/wav/10b02Na.wav,0.36321744,0.4457914,0.44315255
9,disgust,/kaggle/input/berlin-database-of-emotional-speech-emodb/wav/09a02Ea.wav,0.6767019,0.6277594,0.55013824
8,anxiety,/kaggle/input/berlin-database-of-emotional-speech-emodb/wav/08b09Ab.wav,0.72044283,0.6305434,0.32723108
16,sadness,/kaggle/input/berlin-database-of-emotional-speech-emodb/wav/16a02Tc.wav,0.047608323,0.16556153,0.4224079
14,anxiety,/kaggle/input/berlin-database-of-emotional-speech-emodb/wav/14b02Aa.wav,0.7756996,0.6897622,0.42273435
12,neutral,/kaggle/input/berlin-database-of-emotional-speech-emodb/wav/12a05Nd.wav,0.4395886,0.5152756,0.39349717
10,anger,/kaggle/input/berlin-database-of-emotional-speech-emodb/wav/10a02Wa.wav,0.87068975,0.82728034,0.51797384
10,neutral,/kaggle/input/berlin-database-of-emotional-speech-emodb/wav/10a02Na.wav,0.39990324,0.46611047,0.5502719
12,anger,/kaggle/input/berlin-database-of-emotional-speech-emodb/wav/12b02Wb.wav,0.92768264,0.8665079,0.43232027
16,anxiety,/kaggle/input/berlin-database-of-emotional-speech-emodb/wav/16b10Aa.wav,0.5948685,0.5631125,0.60996217
13,sadness,/kaggle/input/berlin-database-of-emotional-speech-emodb/wav/13a05Tc.wav,0.02461395,0.16873571,0.24766062
15,sadness,/kaggle/input/berlin-database-of-emotional-speech-emodb/wav/15b09Ta.wav,0.06685891,0.20644605,0.2063777
3,boredom,/kaggle/input/berlin-database-of-emotional-speech-emodb/wav/03b02La.wav,0.14987946,0.2986149,0.30968425
14,anxiety,/kaggle/input/berlin-database-of-emotional-speech-emodb/wav/14b01Ac.wav,0.7048218,0.6545295,0.36602622
8,boredom,/kaggle/input/berlin-database-of-emotional-speech-emodb/wav/08a05Lc.wav,0.39645022,0.47323287,0.5353512
3,neutral,/kaggle/input/berlin-database-of-emotional-speech-emodb/wav/03a05Nd.wav,0.4347694,0.4987925,0.4949082
10,anxiety,/kaggle/input/berlin-database-of-emotional-speech-emodb/wav/10a07Ad.wav,0.46344513,0.47824177,0.5393516
12,anger,/kaggle/input/berlin-database-of-emotional-speech-emodb/wav/12b02Wd.wav,0.8220707,0.78017646,0.52365816
16,boredom,/kaggle/input/berlin-database-of-emotional-speech-emodb/wav/16b01Lc.wav,0.19215737,0.3249387,0.2371238
9,happiness,/kaggle/input/berlin-database-of-emotional-speech-emodb/wav/09b03Fa.wav,0.8934325,0.78536165,0.4365103
8,neutral,/kaggle/input/berlin-database-of-emotional-speech-emodb/wav/08b09Nb.wav,0.42061812,0.4667738,0.38009202
3,boredom,/kaggle/input/berlin-database-of-emotional-speech-emodb/wav/03b09La.wav,0.24295671,0.37415913,0.37799773
11,happiness,/kaggle/input/berlin-database-of-emotional-speech-emodb/wav/11b03Fc.wav,0.6955467,0.68053585,0.67668384
15,anxiety,/kaggle/input/berlin-database-of-emotional-speech-emodb/wav/15a07Ac.wav,0.64230704,0.6051744,0.2819774
9,neutral,/kaggle/input/berlin-database-of-emotional-speech-emodb/wav/09a01Nb.wav,0.40658334,0.49282682,0.30475467
16,boredom,/kaggle/input/berlin-database-of-emotional-speech-emodb/wav/16b10Lb.wav,0.33670378,0.43567336,0.54010487
3,neutral,/kaggle/input/berlin-database-of-emotional-speech-emodb/wav/03b03Nb.wav,0.39368674,0.48904303,0.621142
11,disgust,/kaggle/input/berlin-database-of-emotional-speech-emodb/wav/11a02Ec.wav,0.62239856,0.62322944,0.57126653
12,anxiety,/kaggle/input/berlin-database-of-emotional-speech-emodb/wav/12a05Ab.wav,0.6560403,0.64022136,0.28175429
8,happiness,/kaggle/input/berlin-database-of-emotional-speech-emodb/wav/08a05Fe.wav,0.6327615,0.6414755,0.4037396
9,disgust,/kaggle/input/berlin-database-of-emotional-speech-emodb/wav/09b03Ed.wav,0.6931573,0.6501873,0.53940165
15,happiness,/kaggle/input/berlin-database-of-emotional-speech-emodb/wav/15a05Fb.wav,0.71770465,0.70265853,0.518255
8,sadness,/kaggle/input/berlin-database-of-emotional-speech-emodb/wav/08a07Ta.wav,-0.031338945,0.14520465,0.30874404
10,anxiety,/kaggle/input/berlin-database-of-emotional-speech-emodb/wav/10a02Ab.wav,0.7581405,0.690551,0.56247795
13,boredom,/kaggle/input/berlin-database-of-emotional-speech-emodb/wav/13a05Lc.wav,0.2659448,0.37275216,0.36309657
13,anger,/kaggle/input/berlin-database-of-emotional-speech-emodb/wav/13b10Wa.wav,0.84294945,0.77538776,0.6441082
8,boredom,/kaggle/input/berlin-database-of-emotional-speech-emodb/wav/08b09Lc.wav,0.28735226,0.37322283,0.2720943
9,happiness,/kaggle/input/berlin-database-of-emotional-speech-emodb/wav/09a01Fa.wav,0.95202786,0.89624685,0.41034257
3,disgust,/kaggle/input/berlin-database-of-emotional-speech-emodb/wav/03b10Ec.wav,0.58610266,0.58122325,0.67344224
14,anxiety,/kaggle/input/berlin-database-of-emotional-speech-emodb/wav/14a01Aa.wav,0.5861376,0.59165376,0.18868181
13,neutral,/kaggle/input/berlin-database-of-emotional-speech-emodb/wav/13a05Nb.wav,0.31013393,0.4038964,0.3948415
10,sadness,/kaggle/input/berlin-database-of-emotional-speech-emodb/wav/10a05Tb.wav,0.13600501,0.29313245,0.25781724
16,happiness,/kaggle/input/berlin-database-of-emotional-speech-emodb/wav/16a05Fc.wav,0.7887192,0.73956645,0.52541757
11,neutral,/kaggle/input/berlin-database-of-emotional-speech-emodb/wav/11b02Na.wav,0.4045901,0.4797572,0.5736413
13,happiness,/kaggle/input/berlin-database-of-emotional-speech-emodb/wav/13b03Fd.wav,0.82470095,0.75806844,0.7244878
13,anxiety,/kaggle/input/berlin-database-of-emotional-speech-emodb/wav/13a02Ad.wav,0.51458627,0.55162174,0.64605665
16,anxiety,/kaggle/input/berlin-database-of-emotional-speech-emodb/wav/16a04Ab.wav,0.62256515,0.58402133,0.4334455
15,neutral,/kaggle/input/berlin-database-of-emotional-speech-emodb/wav/15a05Na.wav,0.31765747,0.41456714,0.3339193
11,boredom,/kaggle/input/berlin-database-of-emotional-speech-emodb/wav/11a05Lc.wav,0.13207,0.2843033,0.41353315
10,anger,/kaggle/input/berlin-database-of-emotional-speech-emodb/wav/10b10Wa.wav,0.8205118,0.77540743,0.4635256
8,boredom,/kaggle/input/berlin-database-of-emotional-speech-emodb/wav/08b01Lb.wav,0.39255422,0.50601304,0.5843325
12,sadness,/kaggle/input/berlin-database-of-emotional-speech-emodb/wav/12b03Ta.wav,0.06398183,0.21516667,0.38225627
9,neutral,/kaggle/input/berlin-database-of-emotional-speech-emodb/wav/09b02Na.wav,0.3889085,0.4811451,0.40535837
8,neutral,/kaggle/input/berlin-database-of-emotional-speech-emodb/wav/08b10Nc.wav,0.46712756,0.54441047,0.64443284
15,sadness,/kaggle/input/berlin-database-of-emotional-speech-emodb/wav/15b02Tc.wav,0.12827961,0.24180397,0.34991586
10,anxiety,/kaggle/input/berlin-database-of-emotional-speech-emodb/wav/10a07Aa.wav,0.5589755,0.563488,0.51357156
14,anger,/kaggle/input/berlin-database-of-emotional-speech-emodb/wav/14a04Wb.wav,0.8221018,0.7512861,0.30184466
13,happiness,/kaggle/input/berlin-database-of-emotional-speech-emodb/wav/13a07Fd.wav,0.7307118,0.71063066,0.43298066
14,disgust,/kaggle/input/berlin-database-of-emotional-speech-emodb/wav/14a02Ea.wav,0.5104073,0.52136576,0.3258459
15,disgust,/kaggle/input/berlin-database-of-emotional-speech-emodb/wav/15b01Ec.wav,0.5752362,0.5843786,0.38080072
9,sadness,/kaggle/input/berlin-database-of-emotional-speech-emodb/wav/09a07Ta.wav,0.041301187,0.19127059,0.42549253
13,happiness,/kaggle/input/berlin-database-of-emotional-speech-emodb/wav/13b01Fc.wav,0.69109726,0.64632994,0.50408196
15,anxiety,/kaggle/input/berlin-database-of-emotional-speech-emodb/wav/15b02Aa.wav,0.74023336,0.6952209,0.32241377
8,sadness,/kaggle/input/berlin-database-of-emotional-speech-emodb/wav/08b03Tc.wav,-0.07656844,0.09981317,0.26448536
3,happiness,/kaggle/input/berlin-database-of-emotional-speech-emodb/wav/03b01Fa.wav,0.7117084,0.7104467,0.37194747
15,anger,/kaggle/input/berlin-database-of-emotional-speech-emodb/wav/15b02Wa.wav,0.80359614,0.7814433,0.547451
16,anger,/kaggle/input/berlin-database-of-emotional-speech-emodb/wav/16b01Wa.wav,0.71452457,0.7536749,0.20803066
13,neutral,/kaggle/input/berlin-database-of-emotional-speech-emodb/wav/13b10Nc.wav,0.3703843,0.45745596,0.5736686
16,sadness,/kaggle/input/berlin-database-of-emotional-speech-emodb/wav/16a07Td.wav,-0.09696461,0.04646028,0.27317142
15,happiness,/kaggle/input/berlin-database-of-emotional-speech-emodb/wav/15a07Fa.wav,0.6795907,0.66775537,0.46445346
8,sadness,/kaggle/input/berlin-database-of-emotional-speech-emodb/wav/08a05Ta.wav,0.047318332,0.20040795,0.23282684
16,neutral,/kaggle/input/berlin-database-of-emotional-speech-emodb/wav/16b03Nb.wav,0.3973673,0.48538247,0.5048961
15,neutral,/kaggle/input/berlin-database-of-emotional-speech-emodb/wav/15b01Na.wav,0.39434415,0.51176316,0.20375213
10,boredom,/kaggle/input/berlin-database-of-emotional-speech-emodb/wav/10b03La.wav,0.3317019,0.39852273,0.42034054
11,happiness,/kaggle/input/berlin-database-of-emotional-speech-emodb/wav/11a02Fb.wav,0.782748,0.74640465,0.5649003
15,anger,/kaggle/input/berlin-database-of-emotional-speech-emodb/wav/15a04Wb.wav,0.92711556,0.88558203,0.6534531
14,anger,/kaggle/input/berlin-database-of-emotional-speech-emodb/wav/14b02Wd.wav,0.73240334,0.7343171,0.4931957
8,neutral,/kaggle/input/berlin-database-of-emotional-speech-emodb/wav/08a05Nb.wav,0.40481895,0.49419647,0.3665033
14,happiness,/kaggle/input/berlin-database-of-emotional-speech-emodb/wav/14b01Fc.wav,0.7260974,0.67465216,0.28819656
11,anxiety,/kaggle/input/berlin-database-of-emotional-speech-emodb/wav/11b10Ad.wav,0.3225152,0.39695522,0.52020156
13,neutral,/kaggle/input/berlin-database-of-emotional-speech-emodb/wav/13a07Na.wav,0.2875686,0.39807433,0.4203723
14,neutral,/kaggle/input/berlin-database-of-emotional-speech-emodb/wav/14b02Na.wav,0.38983044,0.48856807,0.44471678
12,anxiety,/kaggle/input/berlin-database-of-emotional-speech-emodb/wav/12b02Ad.wav,0.64524907,0.6269721,0.43812466
16,boredom,/kaggle/input/berlin-database-of-emotional-speech-emodb/wav/16a02Lb.wav,0.47939205,0.52312016,0.5432584
14,sadness,/kaggle/input/berlin-database-of-emotional-speech-emodb/wav/14a02Tb.wav,0.25309446,0.3663316,0.39733732
13,neutral,/kaggle/input/berlin-database-of-emotional-speech-emodb/wav/13b09Na.wav,0.39294383,0.4611531,0.28244376
15,anger,/kaggle/input/berlin-database-of-emotional-speech-emodb/wav/15a04Wa.wav,0.9045283,0.8694691,0.33629388
14,anger,/kaggle/input/berlin-database-of-emotional-speech-emodb/wav/14b09Wa.wav,0.7940385,0.7615882,0.3270496
16,boredom,/kaggle/input/berlin-database-of-emotional-speech-emodb/wav/16b09La.wav,0.35496622,0.43169114,0.3762033
15,anger,/kaggle/input/berlin-database-of-emotional-speech-emodb/wav/15b09Wb.wav,0.86785614,0.8322735,0.38711584
10,anger,/kaggle/input/berlin-database-of-emotional-speech-emodb/wav/10a07Wb.wav,0.773671,0.76199126,0.47615182
12,sadness,/kaggle/input/berlin-database-of-emotional-speech-emodb/wav/12b09Td.wav,-0.026873643,0.124125436,0.1838964
14,sadness,/kaggle/input/berlin-database-of-emotional-speech-emodb/wav/14a07Tc.wav,-0.046282597,0.12295234,0.22952119
11,neutral,/kaggle/input/berlin-database-of-emotional-speech-emodb/wav/11a01Nd.wav,0.2976918,0.40744406,0.29848522
8,anger,/kaggle/input/berlin-database-of-emotional-speech-emodb/wav/08b01Wa.wav,0.9140869,0.9047288,0.24861905
12,anger,/kaggle/input/berlin-database-of-emotional-speech-emodb/wav/12b09Wc.wav,0.8894417,0.8302617,0.33048847
15,disgust,/kaggle/input/berlin-database-of-emotional-speech-emodb/wav/15a02Ea.wav,0.51697505,0.5500318,0.47916466
14,anxiety,/kaggle/input/berlin-database-of-emotional-speech-emodb/wav/14a05Ac.wav,0.6433512,0.6002642,0.4515433
15,happiness,/kaggle/input/berlin-database-of-emotional-speech-emodb/wav/15a07Fb.wav,0.6087082,0.6237408,0.5508471
3,happiness,/kaggle/input/berlin-database-of-emotional-speech-emodb/wav/03a05Fc.wav,0.6982105,0.69239306,0.5689222
14,anxiety,/kaggle/input/berlin-database-of-emotional-speech-emodb/wav/14a04Aa.wav,0.69869745,0.65617543,0.3000556
14,anger,/kaggle/input/berlin-database-of-emotional-speech-emodb/wav/14b01Wc.wav,0.8392079,0.8238816,0.40711603
8,sadness,/kaggle/input/berlin-database-of-emotional-speech-emodb/wav/08a04Tb.wav,0.027073774,0.18378305,0.16728432
9,anger,/kaggle/input/berlin-database-of-emotional-speech-emodb/wav/09a07Wd.wav,0.5616818,0.5830826,0.454893
3,boredom,/kaggle/input/berlin-database-of-emotional-speech-emodb/wav/03a04Lc.wav,0.22665624,0.35219988,0.43630546
10,sadness,/kaggle/input/berlin-database-of-emotional-speech-emodb/wav/10b03Tb.wav,-0.018964387,0.15445273,0.4591946
3,sadness,/kaggle/input/berlin-database-of-emotional-speech-emodb/wav/03a02Ta.wav,0.15812474,0.28183907,0.39477506
16,happiness,/kaggle/input/berlin-database-of-emotional-speech-emodb/wav/16a04Fa.wav,0.8130477,0.78644854,0.6728054
3,anger,/kaggle/input/berlin-database-of-emotional-speech-emodb/wav/03b10Wc.wav,0.8720674,0.81234366,0.6238923
11,anger,/kaggle/input/berlin-database-of-emotional-speech-emodb/wav/11b03Wb.wav,0.7513087,0.7552493,0.6218769
12,happiness,/kaggle/input/berlin-database-of-emotional-speech-emodb/wav/12b02Fb.wav,0.6183953,0.64142895,0.8251092
11,sadness,/kaggle/input/berlin-database-of-emotional-speech-emodb/wav/11a05Td.wav,0.08024726,0.21379174,0.28600562
14,boredom,/kaggle/input/berlin-database-of-emotional-speech-emodb/wav/14a07Lc.wav,0.2471506,0.37134305,0.35254496
14,sadness,/kaggle/input/berlin-database-of-emotional-speech-emodb/wav/14a04Tc.wav,-0.063378565,0.10222201,0.23576778
14,sadness,/kaggle/input/berlin-database-of-emotional-speech-emodb/wav/14a04Tb.wav,0.09301624,0.22736792,0.3307044
15,boredom,/kaggle/input/berlin-database-of-emotional-speech-emodb/wav/15b09La.wav,0.16752693,0.28236043,0.29501262
8,anger,/kaggle/input/berlin-database-of-emotional-speech-emodb/wav/08b09Wc.wav,0.9108435,0.8687468,0.2633134
16,disgust,/kaggle/input/berlin-database-of-emotional-speech-emodb/wav/16b10Eb.wav,0.52818716,0.5574189,0.5756851
9,anger,/kaggle/input/berlin-database-of-emotional-speech-emodb/wav/09a07Wb.wav,0.9356481,0.87282187,0.33632278
13,neutral,/kaggle/input/berlin-database-of-emotional-speech-emodb/wav/13b02Nb.wav,0.4013407,0.4813197,0.585492
8,sadness,/kaggle/input/berlin-database-of-emotional-speech-emodb/wav/08b02Tc.wav,0.0059186667,0.17078266,0.23563392
10,anger,/kaggle/input/berlin-database-of-emotional-speech-emodb/wav/10b09Wb.wav,0.92884266,0.8588487,0.40685728
13,neutral,/kaggle/input/berlin-database-of-emotional-speech-emodb/wav/13a01Nb.wav,0.4366508,0.49359012,0.26860818
10,boredom,/kaggle/input/berlin-database-of-emotional-speech-emodb/wav/10b01Lb.wav,0.27213013,0.3996496,0.4068844
10,anxiety,/kaggle/input/berlin-database-of-emotional-speech-emodb/wav/10b09Ad.wav,0.540015,0.5415311,0.19101064
16,anger,/kaggle/input/berlin-database-of-emotional-speech-emodb/wav/16b02Wb.wav,0.92913437,0.866411,0.39425442
14,anger,/kaggle/input/berlin-database-of-emotional-speech-emodb/wav/14a01Wa.wav,0.7819987,0.77546406,0.09234413
11,sadness,/kaggle/input/berlin-database-of-emotional-speech-emodb/wav/11b10Td.wav,-0.062009532,0.114691705,0.36655033
14,anger,/kaggle/input/berlin-database-of-emotional-speech-emodb/wav/14a01Wc.wav,0.7673291,0.76282775,0.19675744
11,anger,/kaggle/input/berlin-database-of-emotional-speech-emodb/wav/11b10Wa.wav,0.7019865,0.6985923,0.6352538
10,anxiety,/kaggle/input/berlin-database-of-emotional-speech-emodb/wav/10b01Aa.wav,0.65298045,0.6397916,0.4326661
3,neutral,/kaggle/input/berlin-database-of-emotional-speech-emodb/wav/03a02Nc.wav,0.47301143,0.5269225,0.5731883
16,anger,/kaggle/input/berlin-database-of-emotional-speech-emodb/wav/16b10Wb.wav,0.96035063,0.8461193,0.37385038
14,anxiety,/kaggle/input/berlin-database-of-emotional-speech-emodb/wav/14b10Ad.wav,0.6461623,0.64134985,0.82422274
14,disgust,/kaggle/input/berlin-database-of-emotional-speech-emodb/wav/14a04Ed.wav,0.48610985,0.44756982,0.35524312
14,disgust,/kaggle/input/berlin-database-of-emotional-speech-emodb/wav/14b09Ea.wav,0.3852838,0.37420762,0.23392928
14,happiness,/kaggle/input/berlin-database-of-emotional-speech-emodb/wav/14a07Fd.wav,0.7160774,0.6683167,0.3060708
16,sadness,/kaggle/input/berlin-database-of-emotional-speech-emodb/wav/16b10Tb.wav,0.045815367,0.17456523,0.34186137
11,sadness,/kaggle/input/berlin-database-of-emotional-speech-emodb/wav/11a02Tc.wav,0.11794551,0.2391535,0.43471032
3,sadness,/kaggle/input/berlin-database-of-emotional-speech-emodb/wav/03b09Tc.wav,-0.0056463964,0.16417676,0.23345143
8,boredom,/kaggle/input/berlin-database-of-emotional-speech-emodb/wav/08a01Lc.wav,0.319999,0.43860674,0.24310966
11,happiness,/kaggle/input/berlin-database-of-emotional-speech-emodb/wav/11a04Fd.wav,0.7452611,0.70013785,0.7075054
13,disgust,/kaggle/input/berlin-database-of-emotional-speech-emodb/wav/13a01Ec.wav,0.521806,0.55075264,0.16817136
16,happiness,/kaggle/input/berlin-database-of-emotional-speech-emodb/wav/16b03Fa.wav,0.83919406,0.7779696,0.55690056
8,anxiety,/kaggle/input/berlin-database-of-emotional-speech-emodb/wav/08a02Ac.wav,0.7131818,0.6890787,0.7798491
8,boredom,/kaggle/input/berlin-database-of-emotional-speech-emodb/wav/08b03Lc.wav,0.27880692,0.39387614,0.49655214
14,neutral,/kaggle/input/berlin-database-of-emotional-speech-emodb/wav/14b01Na.wav,0.28823227,0.40770787,0.34477422
9,sadness,/kaggle/input/berlin-database-of-emotional-speech-emodb/wav/09b03Ta.wav,0.22014812,0.33690676,0.5786898
11,boredom,/kaggle/input/berlin-database-of-emotional-speech-emodb/wav/11b09Ld.wav,0.22500306,0.33543938,0.47877395
8,boredom,/kaggle/input/berlin-database-of-emotional-speech-emodb/wav/08b10La.wav,0.31146288,0.42419618,0.5499285
14,sadness,/kaggle/input/berlin-database-of-emotional-speech-emodb/wav/14b09Td.wav,0.09123085,0.19847941,0.34160885
11,happiness,/kaggle/input/berlin-database-of-emotional-speech-emodb/wav/11b02Fd.wav,0.7644494,0.7395949,0.6404113
3,anger,/kaggle/input/berlin-database-of-emotional-speech-emodb/wav/03a04Wc.wav,0.7408493,0.7151463,0.5167937
11,anxiety,/kaggle/input/berlin-database-of-emotional-speech-emodb/wav/11b09Ad.wav,0.46614432,0.48664886,0.21913847
13,anger,/kaggle/input/berlin-database-of-emotional-speech-emodb/wav/13a04Wc.wav,0.7939637,0.7407991,0.31558245
8,happiness,/kaggle/input/berlin-database-of-emotional-speech-emodb/wav/08a04Ff.wav,0.6366775,0.6292793,0.3562479
13,anger,/kaggle/input/berlin-database-of-emotional-speech-emodb/wav/13b01Wa.wav,0.81670177,0.7913167,0.19911721
14,sadness,/kaggle/input/berlin-database-of-emotional-speech-emodb/wav/14a05Ta.wav,0.108931884,0.27378628,0.20357676
3,anger,/kaggle/input/berlin-database-of-emotional-speech-emodb/wav/03b02Wb.wav,0.76358634,0.76306415,0.48736915
3,sadness,/kaggle/input/berlin-database-of-emotional-speech-emodb/wav/03b02Tb.wav,0.05139292,0.22765875,0.28684908
8,anxiety,/kaggle/input/berlin-database-of-emotional-speech-emodb/wav/08a02Ab.wav,0.73363674,0.70305187,0.6565846
15,neutral,/kaggle/input/berlin-database-of-emotional-speech-emodb/wav/15a01Nb.wav,0.3377619,0.43908557,0.34205556
13,disgust,/kaggle/input/berlin-database-of-emotional-speech-emodb/wav/13b10Ec.wav,0.6175811,0.5911741,0.61353505
3,anxiety,/kaggle/input/berlin-database-of-emotional-speech-emodb/wav/03a04Ad.wav,0.8005022,0.71299493,0.342371
13,anxiety,/kaggle/input/berlin-database-of-emotional-speech-emodb/wav/13b09Ab.wav,0.4802807,0.4879394,0.2587545
16,happiness,/kaggle/input/berlin-database-of-emotional-speech-emodb/wav/16b09Fb.wav,0.78197414,0.7270808,0.35595518
16,neutral,/kaggle/input/berlin-database-of-emotional-speech-emodb/wav/16a01Nc.wav,0.31204274,0.41466188,0.26828694
15,boredom,/kaggle/input/berlin-database-of-emotional-speech-emodb/wav/15b10Lc.wav,0.19913973,0.33360237,0.46676987
10,boredom,/kaggle/input/berlin-database-of-emotional-speech-emodb/wav/10b10Lc.wav,0.2855938,0.39380643,0.48431936
11,neutral,/kaggle/input/berlin-database-of-emotional-speech-emodb/wav/11a05Na.wav,0.25990582,0.4032917,0.40374687
14,neutral,/kaggle/input/berlin-database-of-emotional-speech-emodb/wav/14a05Na.wav,0.34415787,0.4372673,0.3734264
12,happiness,/kaggle/input/berlin-database-of-emotional-speech-emodb/wav/12a01Fb.wav,0.5756722,0.62410223,0.2595182
11,boredom,/kaggle/input/berlin-database-of-emotional-speech-emodb/wav/11a01Ld.wav,0.22090659,0.33966857,0.3512787
11,boredom,/kaggle/input/berlin-database-of-emotional-speech-emodb/wav/11b10Ld.wav,0.09750616,0.24923366,0.43138742
14,happiness,/kaggle/input/berlin-database-of-emotional-speech-emodb/wav/14b02Fb.wav,0.865303,0.78861606,0.51704687
3,neutral,/kaggle/input/berlin-database-of-emotional-speech-emodb/wav/03b10Na.wav,0.46980172,0.5287196,0.6157849
11,boredom,/kaggle/input/berlin-database-of-emotional-speech-emodb/wav/11b01Lb.wav,0.23227336,0.35932592,0.36050326
13,disgust,/kaggle/input/berlin-database-of-emotional-speech-emodb/wav/13a02Ec.wav,0.5100553,0.51101625,0.6259473
10,neutral,/kaggle/input/berlin-database-of-emotional-speech-emodb/wav/10a01Nb.wav,0.22358222,0.35544086,0.22509418
16,anger,/kaggle/input/berlin-database-of-emotional-speech-emodb/wav/16b10Wa.wav,0.8302074,0.7679497,0.5541397
13,happiness,/kaggle/input/berlin-database-of-emotional-speech-emodb/wav/13b09Fb.wav,0.78061444,0.7239739,0.39734012
14,neutral,/kaggle/input/berlin-database-of-emotional-speech-emodb/wav/14b10Nb.wav,0.34764794,0.44120914,0.5790784
9,neutral,/kaggle/input/berlin-database-of-emotional-speech-emodb/wav/09b03Nb.wav,0.3910824,0.478145,0.59774
14,boredom,/kaggle/input/berlin-database-of-emotional-speech-emodb/wav/14b03Lb.wav,0.2913581,0.37824517,0.48263854
8,happiness,/kaggle/input/berlin-database-of-emotional-speech-emodb/wav/08a02Fe.wav,0.57826847,0.58344144,0.6146663
16,sadness,/kaggle/input/berlin-database-of-emotional-speech-emodb/wav/16b03Ta.wav,0.018341392,0.16639706,0.3243647
12,neutral,/kaggle/input/berlin-database-of-emotional-speech-emodb/wav/12b02Na.wav,0.5598194,0.5960326,0.48188305
16,boredom,/kaggle/input/berlin-database-of-emotional-speech-emodb/wav/16a05La.wav,0.3420966,0.44616085,0.3479669
13,anger,/kaggle/input/berlin-database-of-emotional-speech-emodb/wav/13a07Wb.wav,0.7558006,0.7329655,0.44573775
14,anxiety,/kaggle/input/berlin-database-of-emotional-speech-emodb/wav/14b03Ad.wav,0.6491282,0.6007306,0.5387577
16,disgust,/kaggle/input/berlin-database-of-emotional-speech-emodb/wav/16a07Ea.wav,0.30549154,0.38836023,0.41552734
12,disgust,/kaggle/input/berlin-database-of-emotional-speech-emodb/wav/12a02Ec.wav,0.28318676,0.41059595,0.4343818
14,anger,/kaggle/input/berlin-database-of-emotional-speech-emodb/wav/14b10Wc.wav,0.795067,0.7485018,0.5913863
8,neutral,/kaggle/input/berlin-database-of-emotional-speech-emodb/wav/08a04Nc.wav,0.34099302,0.4338131,0.35921794
16,anger,/kaggle/input/berlin-database-of-emotional-speech-emodb/wav/16a05Wb.wav,0.859449,0.8272762,0.2272777
16,happiness,/kaggle/input/berlin-database-of-emotional-speech-emodb/wav/16b01Fa.wav,0.7886148,0.73477125,0.42790452
10,anxiety,/kaggle/input/berlin-database-of-emotional-speech-emodb/wav/10a05Aa.wav,0.72141874,0.67015874,0.32902965
9,disgust,/kaggle/input/berlin-database-of-emotional-speech-emodb/wav/09a01Ea.wav,0.60544705,0.59116185,0.14119011
10,neutral,/kaggle/input/berlin-database-of-emotional-speech-emodb/wav/10a04Nb.wav,0.23415758,0.36077285,0.49424806
13,neutral,/kaggle/input/berlin-database-of-emotional-speech-emodb/wav/13a02Nc.wav,0.50556314,0.5755954,0.7281442
13,boredom,/kaggle/input/berlin-database-of-emotional-speech-emodb/wav/13a04Lb.wav,0.29848337,0.4054279,0.31584072
12,sadness,/kaggle/input/berlin-database-of-emotional-speech-emodb/wav/12b01Ta.wav,-0.04331336,0.15326442,0.1931711
15,anger,/kaggle/input/berlin-database-of-emotional-speech-emodb/wav/15a02Wb.wav,0.9994984,0.9331611,0.42427015
16,disgust,/kaggle/input/berlin-database-of-emotional-speech-emodb/wav/16a05Ea.wav,0.44330314,0.5040467,0.30201077
11,anger,/kaggle/input/berlin-database-of-emotional-speech-emodb/wav/11b03Wa.wav,0.6710023,0.67715585,0.6187168
3,anger,/kaggle/input/berlin-database-of-emotional-speech-emodb/wav/03a02Wb.wav,0.8550096,0.8251191,0.6578903
13,disgust,/kaggle/input/berlin-database-of-emotional-speech-emodb/wav/13b01Ec.wav,0.450797,0.4958336,0.40816686
9,anger,/kaggle/input/berlin-database-of-emotional-speech-emodb/wav/09a05Wc.wav,0.85718286,0.83987284,0.4882999
12,sadness,/kaggle/input/berlin-database-of-emotional-speech-emodb/wav/12a05Ta.wav,0.08943974,0.2402742,0.43599778
14,anger,/kaggle/input/berlin-database-of-emotional-speech-emodb/wav/14a07Wc.wav,0.85680246,0.79333806,0.34547052
9,anger,/kaggle/input/berlin-database-of-emotional-speech-emodb/wav/09b09Wa.wav,0.7565316,0.71942055,0.3948642
16,sadness,/kaggle/input/berlin-database-of-emotional-speech-emodb/wav/16a05Tb.wav,-0.0721331,0.07995358,0.20099206
14,boredom,/kaggle/input/berlin-database-of-emotional-speech-emodb/wav/14a02La.wav,0.28416863,0.39386523,0.45382652
11,happiness,/kaggle/input/berlin-database-of-emotional-speech-emodb/wav/11b09Fd.wav,0.65863305,0.6407015,0.449768
10,happiness,/kaggle/input/berlin-database-of-emotional-speech-emodb/wav/10b10Fc.wav,0.7666487,0.69904447,0.7685417
13,boredom,/kaggle/input/berlin-database-of-emotional-speech-emodb/wav/13b01Ld.wav,0.2522652,0.3841099,0.43033513
13,boredom,/kaggle/input/berlin-database-of-emotional-speech-emodb/wav/13b10La.wav,0.25578022,0.37117118,0.57098883
13,boredom,/kaggle/input/berlin-database-of-emotional-speech-emodb/wav/13a02Lc.wav,0.3853793,0.48070502,0.67655855
14,anger,/kaggle/input/berlin-database-of-emotional-speech-emodb/wav/14a04Wc.wav,0.88094175,0.81443524,0.15472674
15,anger,/kaggle/input/berlin-database-of-emotional-speech-emodb/wav/15b03Wa.wav,0.83212084,0.80579937,0.5087859
9,neutral,/kaggle/input/berlin-database-of-emotional-speech-emodb/wav/09b10Nd.wav,0.3539472,0.43226102,0.62348914
13,anger,/kaggle/input/berlin-database-of-emotional-speech-emodb/wav/13a02Wa.wav,0.90054744,0.84671205,0.5732485
16,happiness,/kaggle/input/berlin-database-of-emotional-speech-emodb/wav/16a07Fa.wav,0.6683245,0.67168975,0.54426634
3,happiness,/kaggle/input/berlin-database-of-emotional-speech-emodb/wav/03a07Fa.wav,0.54877317,0.5609066,0.63379914
8,neutral,/kaggle/input/berlin-database-of-emotional-speech-emodb/wav/08a01Na.wav,0.38837546,0.48704275,0.19407311
15,neutral,/kaggle/input/berlin-database-of-emotional-speech-emodb/wav/15b09Nb.wav,0.23145157,0.35497713,0.2570311
8,anger,/kaggle/input/berlin-database-of-emotional-speech-emodb/wav/08a04Wc.wav,0.89939725,0.82374084,0.42739356
3,boredom,/kaggle/input/berlin-database-of-emotional-speech-emodb/wav/03b01Lb.wav,0.17558955,0.329522,0.28427333
9,boredom,/kaggle/input/berlin-database-of-emotional-speech-emodb/wav/09b03Lb.wav,0.3647684,0.4449401,0.561638
9,disgust,/kaggle/input/berlin-database-of-emotional-speech-emodb/wav/09b01Ea.wav,0.61423624,0.5682327,0.2992835
8,neutral,/kaggle/input/berlin-database-of-emotional-speech-emodb/wav/08a02Na.wav,0.42710567,0.50200975,0.38552815
13,happiness,/kaggle/input/berlin-database-of-emotional-speech-emodb/wav/13b09Fc.wav,0.64948344,0.62510085,0.3317908
14,boredom,/kaggle/input/berlin-database-of-emotional-speech-emodb/wav/14a05Lb.wav,0.35097998,0.4698331,0.38291377
9,anger,/kaggle/input/berlin-database-of-emotional-speech-emodb/wav/09b03Wb.wav,0.8693799,0.8180106,0.42876038
16,boredom,/kaggle/input/berlin-database-of-emotional-speech-emodb/wav/16b09Lb.wav,0.27324325,0.33887523,0.34062618
16,boredom,/kaggle/input/berlin-database-of-emotional-speech-emodb/wav/16a04La.wav,0.29013255,0.40878773,0.38803542
3,anger,/kaggle/input/berlin-database-of-emotional-speech-emodb/wav/03b03Wc.wav,0.80072486,0.7938984,0.57608557
13,boredom,/kaggle/input/berlin-database-of-emotional-speech-emodb/wav/13b03Lb.wav,0.2609162,0.3754874,0.48727474
8,neutral,/kaggle/input/berlin-database-of-emotional-speech-emodb/wav/08a07Na.wav,0.3258634,0.4169438,0.29757467
16,anxiety,/kaggle/input/berlin-database-of-emotional-speech-emodb/wav/16b09Ab.wav,0.7586032,0.6542006,0.34767738
16,disgust,/kaggle/input/berlin-database-of-emotional-speech-emodb/wav/16a02Ec.wav,0.54733807,0.57775915,0.527444
13,anger,/kaggle/input/berlin-database-of-emotional-speech-emodb/wav/13b02Wa.wav,0.8965503,0.8226771,0.37837952
15,boredom,/kaggle/input/berlin-database-of-emotional-speech-emodb/wav/15a01La.wav,0.17902164,0.33309275,0.15384054
16,disgust,/kaggle/input/berlin-database-of-emotional-speech-emodb/wav/16b01Eb.wav,0.495175,0.5627733,0.39727718
8,happiness,/kaggle/input/berlin-database-of-emotional-speech-emodb/wav/08a07Fd.wav,0.5316375,0.5339952,0.32419518
12,boredom,/kaggle/input/berlin-database-of-emotional-speech-emodb/wav/12a05Lb.wav,0.4186781,0.49944842,0.46356398
12,anger,/kaggle/input/berlin-database-of-emotional-speech-emodb/wav/12b01Wa.wav,0.77485615,0.776595,0.17907852
3,happiness,/kaggle/input/berlin-database-of-emotional-speech-emodb/wav/03a02Fc.wav,0.76134586,0.7260681,0.6562329
10,anger,/kaggle/input/berlin-database-of-emotional-speech-emodb/wav/10a04Wb.wav,1.021344,0.9382431,0.116685025
14,sadness,/kaggle/input/berlin-database-of-emotional-speech-emodb/wav/14a05Tc.wav,0.09229815,0.24852179,0.2765191
15,anxiety,/kaggle/input/berlin-database-of-emotional-speech-emodb/wav/15b09Ac.wav,0.6581687,0.6413316,0.38888466
11,neutral,/kaggle/input/berlin-database-of-emotional-speech-emodb/wav/11a04Nd.wav,0.23633991,0.3549207,0.40888062
14,anxiety,/kaggle/input/berlin-database-of-emotional-speech-emodb/wav/14a05Aa.wav,0.66219527,0.65796244,0.12681544
15,anger,/kaggle/input/berlin-database-of-emotional-speech-emodb/wav/15a02Wd.wav,0.90880215,0.87725264,0.5543263
3,neutral,/kaggle/input/berlin-database-of-emotional-speech-emodb/wav/03a07Nc.wav,0.2901119,0.39030096,0.47782028
8,anxiety,/kaggle/input/berlin-database-of-emotional-speech-emodb/wav/08b10Aa.wav,0.6978398,0.6556679,0.7128116
15,sadness,/kaggle/input/berlin-database-of-emotional-speech-emodb/wav/15a02Ta.wav,0.11062738,0.22000948,0.4119705
16,anger,/kaggle/input/berlin-database-of-emotional-speech-emodb/wav/16a07Wa.wav,0.8340764,0.78763044,0.49656585
8,neutral,/kaggle/input/berlin-database-of-emotional-speech-emodb/wav/08b03Nb.wav,0.46100885,0.5275109,0.54221445
14,boredom,/kaggle/input/berlin-database-of-emotional-speech-emodb/wav/14a07Ld.wav,0.2758948,0.39291918,0.4613786
8,sadness,/kaggle/input/berlin-database-of-emotional-speech-emodb/wav/08b09Tb.wav,-0.040912848,0.09753301,0.13504604
15,neutral,/kaggle/input/berlin-database-of-emotional-speech-emodb/wav/15b02Nd.wav,0.36148214,0.46653953,0.5210444
16,happiness,/kaggle/input/berlin-database-of-emotional-speech-emodb/wav/16a07Fb.wav,0.80040795,0.7444749,0.4655229
